PackMLExecuteStateMachineType,1,ObjectType
PackMLMachineStateMachineType,2,ObjectType
PackMLBaseStateMachineType,3,ObjectType
PackMLStatusObjectType,4,ObjectType
PackMLAdminObjectType,5,ObjectType
PackMLBaseObjectType,6,ObjectType
ProductionMaintenanceModeEnum,11,DataType
PackMLCountDataType,14,DataType
PackMLAlarmDataType,15,DataType
PackMLDescriptorDataType,16,DataType
PackMLIngredientsDataType,17,DataType
PackMLProductDataType,18,DataType
PackMLRemoteInterfaceDataType,19,DataType
HasInterlock,21,ReferenceType
HasAlarm,22,ReferenceType
HasAlarmHistory,23,ReferenceType
HasWarning,24,ReferenceType
HasStopReason,25,ReferenceType
Resetting,27,Object
Idle,28,Object
Starting,29,Object
Suspending,30,Object
Suspended,31,Object
Unsuspending,32,Object
Holding,33,Object
Held,34,Object
Unholding,35,Object
Execute,36,Object
Completing,37,Object
Complete,38,Object
ResettingToIdle,39,Object
IdleToStarting,40,Object
StartingToExecute,41,Object
ExecuteToSuspending,42,Object
SuspendingToSuspended,43,Object
UnsuspendingToExecute,44,Object
ExecuteToHolding,45,Object
HoldingToHeld,46,Object
HeldToUnholding,47,Object
UnholdingToExecute,48,Object
ExecuteToCompleting,49,Object
CompletingToComplete,50,Object
CompleteToResetting,51,Object
SuspendedToUnsuspending,52,Object
Stopped,53,Object
Stopping,54,Object
Clearing,55,Object
ExecuteState,56,Object
StoppingToStopped,57,Object
ClearingToStopped,58,Object
StoppedToRunning,59,Object
RunningToStopping,60,Object
Aborting,61,Object
Aborted,62,Object
MachineState,64,Object
AbortedToCleared,65,Object
AbortingToAborted,66,Object
ClearedToAborting,67,Object
Default_Binary,69,Object
Default_XML,70,Object
PackMLBaseStateMachineType_Cleared,71,Object
PackMLObjects,72,Object
Admin,73,Object
Default_Binary,74,Object
Running,75,Object
Default_XML,76,Object
Default_Binary,77,Object
Default_XML,78,Object
Default_Binary,79,Object
Default_XML,80,Object
Default_Binary,81,Object
Default_XML,82,Object
Default_Binary,83,Object
Default_XML,84,Object
Status,87,Object
BaseStateMachine,88,Object
MachineState,89,Object
ExecuteState,90,Object
StartingToHolding,99,Object
UnsuspendingToHolding,100,Object
SuspendedToHolding,101,Object
SuspendingToHolding,102,Object
UnholdingToHolding,103,Object
http___opcfoundation_org_UA_PackML_,117,Object
SetUnitMode_InputArguments,118,Variable
PackMLAdminObjectType_ProdDefectiveCount,119,Variable
PackMLAdminObjectType_ProdProcessedCount,120,Variable
PackMLStatusObjectType_Parameter,121,Variable
PackMLStatusObjectType_Product,122,Variable
PackMLStatusObjectType_RemoteParameter,123,Variable
PackMLAdminObjectType_ProdConsumedCount,124,Variable
PackMLExecuteStateMachineType_AvailableStates,125,Variable
PackMLExecuteStateMachineType_AvailableTransitions,126,Variable
Resetting_StateNumber,127,Variable
Idle_StateNumber,128,Variable
Starting_StateNumber,129,Variable
Suspending_StateNumber,130,Variable
Suspended_StateNumber,131,Variable
Unsuspending_StateNumber,132,Variable
Holding_StateNumber,133,Variable
Held_StateNumber,134,Variable
Unholding_StateNumber,135,Variable
Execute_StateNumber,136,Variable
Completing_StateNumber,137,Variable
Complete_StateNumber,138,Variable
ResettingToIdle_TransitionNumber,139,Variable
IdleToStarting_TransitionNumber,140,Variable
StartingToExecute_TransitionNumber,141,Variable
ExecuteToSuspending_TransitionNumber,142,Variable
SuspendingToSuspended_TransitionNumber,143,Variable
UnsuspendingToExecute_TransitionNumber,144,Variable
ExecuteToHolding_TransitionNumber,145,Variable
HoldingToHeld_TransitionNumber,146,Variable
HeldToUnholding_TransitionNumber,147,Variable
UnholdingToExecute_TransitionNumber,148,Variable
ExecuteToCompleting_TransitionNumber,149,Variable
CompletingToComplete_TransitionNumber,150,Variable
CompleteToResetting_TransitionNumber,151,Variable
SuspendedToUnsuspending_TransitionNumber,152,Variable
PackMLMachineStateMachineType_AvailableStates,153,Variable
PackMLMachineStateMachineType_AvailableTransitions,154,Variable
Stopped_StateNumber,155,Variable
Stopping_StateNumber,156,Variable
Clearing_StateNumber,157,Variable
PackMLBaseStateMachineType_AvailableTransitions,158,Variable
ExecuteState_AvailableTransitions,160,Variable
ExecuteState_CurrentState,161,Variable
ExecuteState_CurrentState_Id,162,Variable
StoppingToStopped_TransitionNumber,163,Variable
ClearingToStopped_TransitionNumber,164,Variable
StoppedToRunning_TransitionNumber,165,Variable
RunningToStopping_TransitionNumber,166,Variable
PackMLBaseStateMachineType_AvailableStates,167,Variable
Aborting_StateNumber,168,Variable
Aborted_StateNumber,169,Variable
Running_StateNumber,171,Variable
MachineState_CurrentState,172,Variable
MachineState_CurrentState_Id,173,Variable
AbortedToCleared_TransitionNumber,174,Variable
AbortingToAborted_TransitionNumber,175,Variable
ClearedToAborting_TransitionNumber,176,Variable
ExecuteState_AvailableStates,177,Variable
PackMLBaseStateMachineType_Cleared_StateNumber,178,Variable
StartingToHolding_TransitionNumber,179,Variable
TypeDictionary_PackMLCountDataType,180,Variable
TypeDictionary_PackMLCountDataType,181,Variable
TypeDictionary_PackMLAlarmDataType,182,Variable
TypeDictionary_PackMLAlarmDataType,183,Variable
TypeDictionary_PackMLDescriptorDataType,184,Variable
TypeDictionary_PackMLDescriptorDataType,185,Variable
TypeDictionary_PackMLIngredientsDataType,186,Variable
TypeDictionary_PackMLRemoteInterfaceDataType,187,Variable
TypeDictionary_PackMLRemoteInterfaceDataType,188,Variable
TypeDictionary_PackMLIngredientsDataType,189,Variable
TypeDictionary_PackMLProductDataType,190,Variable
TypeDictionary_PackMLProductDataType,191,Variable
PackMLStatusObjectType_UnitModeRequested,192,Variable
PackMLStatusObjectType_UnitSupportedModes,193,Variable
ProductionMaintenanceModeEnum_EnumValues,194,Variable
TypeDictionary,195,Variable
TypeDictionary_NamespaceUri,196,Variable
TypeDictionary,197,Variable
TypeDictionary_NamespaceUri,198,Variable
PackMLStatusObjectType_UnitModeCurrent,200,Variable
PackMLStatusObjectType_UnitModeChangeInProcess,201,Variable
BaseStateMachine_AvailableTransitions,202,Variable
MachineState_AvailableTransitions,204,Variable
UnsuspendingToHolding_TransitionNumber,208,Variable
PackMLStatusObjectType_StateRequested,209,Variable
PackMLStatusObjectType_StateChangeInProcess,210,Variable
PackMLStatusObjectType_EquipmentBlocked,211,Variable
MachineState_AvailableStates,212,Variable
MachineState_AvailableTransitions,213,Variable
MachineState_AvailableStates,214,Variable
SuspendedToHolding_TransitionNumber,215,Variable
SuspendingToHolding_TransitionNumber,216,Variable
UnholdingToHolding_TransitionNumber,217,Variable
PackMLBaseObjectType_TagID,218,Variable
PackMLStatusObjectType_MachSpeed,219,Variable
PackMLStatusObjectType_MachSpeed_EURange,220,Variable
PackMLBaseObjectType_PackMLVersion,221,Variable
ExecuteState_AvailableTransitions,222,Variable
ExecuteState_AvailableStates,223,Variable
PackMLStatusObjectType_EquipmentStarved,224,Variable
Status_UnitModeCurrent,225,Variable
ExecuteState_CurrentState_Id,227,Variable
PackMLStatusObjectType_CurMachSpeed,232,Variable
PackMLStatusObjectType_CurMachSpeed_EURange,233,Variable
PackMLStatusObjectType_MaterialInterlocked,236,Variable
PackMLStatusObjectType_MaterialInterlock,237,Variable
PackMLAdminObjectType_Alarm,238,Variable
PackMLAdminObjectType_AlarmExtent,239,Variable
PackMLAdminObjectType_AlarmHistory,240,Variable
PackMLAdminObjectType_AlarmHistoryExtent,241,Variable
PackMLAdminObjectType_Warning,242,Variable
PackMLAdminObjectType_WarningExtent,243,Variable
PackMLAdminObjectType_StopReason,244,Variable
PackMLAdminObjectType_StopReasonExtent,245,Variable
PackMLAdminObjectType_ModeCurrentTime,246,Variable
PackMLAdminObjectType_ModeCumulativeTime,247,Variable
PackMLAdminObjectType_StateCurrentTime,248,Variable
PackMLAdminObjectType_StateCumulativeTime,249,Variable
PackMLAdminObjectType_AccTimeSinceReset,252,Variable
PackMLAdminObjectType_MachDesignSpeed,253,Variable
Status_CurMachSpeed,255,Variable
Status_CurMachSpeed_EURange,256,Variable
Status_MachSpeed,257,Variable
Status_MachSpeed_EURange,258,Variable
BaseStateMachine_AvailableStates,259,Variable
MachineState_CurrentState,262,Variable
MachineState_CurrentState_Id,263,Variable
ExecuteState_CurrentState,266,Variable
BaseStateMachine_CurrentState,272,Variable
BaseStateMachine_CurrentState_Id,273,Variable
Status_EquipmentBlocked,274,Variable
Status_EquipmentStarved,275,Variable
PackMLAdminObjectType_Parameter,276,Variable
Status_UnitSupportedModes,290,Variable
Start_InputArguments,342,Variable
SetMachSpeed_InputArguments,348,Variable
SetProduct_InputArguments,349,Variable
RemoteCommand_InputArguments,350,Variable
SetInterlock_InputArguments,351,Variable
SetParameter_InputArguments,352,Variable
http___opcfoundation_org_UA_PackML__IsNamespaceSubset,354,Variable
http___opcfoundation_org_UA_PackML__NamespacePublicationDate,355,Variable
http___opcfoundation_org_UA_PackML__NamespaceUri,356,Variable
http___opcfoundation_org_UA_PackML__NamespaceVersion,357,Variable
http___opcfoundation_org_UA_PackML__StaticNodeIdTypes,358,Variable
http___opcfoundation_org_UA_PackML__StaticNumericNodeIdRange,359,Variable
http___opcfoundation_org_UA_PackML__StaticStringNodeIdPattern,360,Variable
Reset,361,Method
SetUnitMode,362,Method
Clear,363,Method
Abort,364,Method
ToComplete,365,Method
Hold,366,Method
Suspend,367,Method
Unhold,368,Method
Start,369,Method
Unsuspend,372,Method
Stop,375,Method
Reset,376,Method
SetMachSpeed,400,Method
SetProduct,401,Method
SetParameter,402,Method
RemoteCommand,403,Method
SetInterlock,404,Method
